[{"system":{"name":"Warrior","codename":"warrior","collection":{"codename":"default"},"language":{"codename":"en"},"type":{"codename":"movie"},"workflow":{"codename":"default"},"workflow_step":{"codename":"published"}},"elements":{"title":{"value":"Warrior","type":"text"},"length":{"value":140,"type":"number"},"category":{"value":[{"codename":"drama"},{"codename":"action"}],"type":"multiple_choice"},"poster":{"value":[{"codename":"warrior_teaser"}],"type":"asset"},"plot":{"value":{"value":"<h1>Warrior</h1><p>The youngest son of an alcoholic former boxer returns home, where he's trained by his father for competition in a mixed martial arts tournament - a path that puts the fighter on a collision course with his estranged, older brother.</p>","components":[]},"type":"rich_text"},"releasecategory":{"value":[{"codename":"global_release"}],"type":"taxonomy"},"released":{"value":"2011-09-09T00:00:00Z","type":"date_time"},"seoname":{"value":{"mode":"autogenerated","value":""},"type":"url_slug"},"stars":{"value":[{"codename":"tom_hardy"}],"type":"modular_content"}}}]